term,coefficient,se_cluster_scenario,ci95_low,ci95_high,odds_ratio,or_ci95_low,or_ci95_high,p_value
Intercept,-2.8087082167977453,0.7710934836185431,-4.3200514446900895,-1.2973649889054009,0.0602828144440256,0.013299199351655846,0.273250864296606,0.0002700027021085294
commercial_condition,1.1040107348607562,0.22094026246287737,0.6709678204335165,1.5370536492879958,3.0162391321802184,1.9561295869861077,4.650866978865388,5.826700006927865e-07
high_agenticity,-0.23795448413494227,0.18343447378998548,-0.5974860527633138,0.12157708449342927,0.7882385676375662,0.5501930552699669,1.1292764122703343,0.19455622110900728
commercial_x_high,0.5796929539697702,0.2133245965848723,0.16157674466342048,0.9978091632761199,1.7854901189228665,1.175362657508719,2.7123330355997313,0.006579265913371435
utility_gap,-33.8222239840496,8.07807351070904,-49.655248065039316,-17.989199903059884,2.047362564365301e-15,2.722699852460319e-22,1.5395356437018616e-08,2.8276906726132367e-05
commission_rate,-0.029948860712075212,4.066481212867642,-8.000252037932654,7.940354316508503,0.9704951627110529,0.0003353780892492138,2808.3553787131023,0.9941237850840607
partner_position,0.33697601325146,0.03971410903731228,0.2591363595383279,0.41481566696459204,1.4007054649658075,1.2958104889015223,1.514091617863253,0.0
domain_hotels,-0.8151841191680506,0.46086889186138985,-1.7184871472163747,0.08811890888027352,0.44255783647889785,0.17933725365164382,1.0921179768333515,0.07692753813702691
domain_software,-0.09856818041589754,0.5055857973067686,-1.089516343137164,0.8923799823053689,0.9061339099212725,0.3363791464522009,2.4409321189174467,0.8454255420408208
